[
  { "name": "Allemagne", "url": "europe/germany.html", "continent": "europe" },
  { "name": "Andorre", "url": "europe/andorra.html", "continent": "europe" },
  { "name": "Espagne", "url": "europe/spain.html", "continent": "europe" },
  { "name": "France", "url": "europe/france.html", "continent": "europe" },
  { "name": "Italie", "url": "europe/italy.html", "continent": "europe" },
  { "name": "Monaco", "url": "europe/monaco.html", "continent": "europe" },
  { "name": "Portugal", "url": "europe/portugal.html", "continent": "europe" },
  { "name": "Royaume-Uni", "url": "europe/unitedkingdom.html", "continent": "europe" },
  { "name": "Saint-Marin", "url": "europe/sanmarino.html", "continent": "europe" },
  { "name": "Suisse", "url": "europe/switzerland.html", "continent": "europe" },
  { "name": "Vatican", "url": "europe/vatican.html", "continent": "europe" },
  { "name": "États-Unis d'Amérique", "url": "america/united_states_of_america.html", "continent": "america" },
  { "name": "Australie", "url": "oceania/australia.html", "continent": "oceania" },
  { "name": "Chine", "url": "asia/china.html", "continent": "asia" },
  { "name": "Afrique du Sud", "url": "africa/south_africa.html", "continent": "africa" },
  { "name": "Irlande - A venir", "url": "europe/ireland.html", "continent": "europe" },
  { "name": "Islande - A venir", "url": "europe/iceland.html", "continent": "europe" },
  { "name": "Norvège - A venir", "url": "europe/norway.html", "continent": "europe" },
  { "name": "Suède - A venir", "url": "europe/sweden.html", "continent": "europe" },
  { "name": "Finlande - A venir", "url": "europe/finland.html", "continent": "europe" },
  { "name": "Russie - A venir", "url": "europe/russia.html", "continent": "europe" },
  { "name": "Biélorussie", "url": "europe/belarus.html", "continent": "europe" },
  { "name": "Estonie - A venir", "url": "europe/estonia.html", "continent": "europe" },
  { "name": "Lettonie - A venir", "url": "europe/latvia.html", "continent": "europe" },
  { "name": "Lithuanie - A venir", "url": "europe/lithuania.html", "continent": "europe" },
  { "name": "Pologne - A venir", "url": "europe/poland.html", "continent": "europe" },
  { "name": "Danemark", "url": "europe/denmark.html", "continent": "europe" },
  { "name": "Pays-Bas - A venir", "url": "europe/netherland.html", "continent": "europe" },
  { "name": "Belgique", "url": "europe/belgium.html", "continent": "europe" },
  { "name": "Luxembourg - A venir", "url": "europe/luxemburg.html", "continent": "europe" },
  { "name": "Liechtenstein - A venir", "url": "europe/liechtenstein.html", "continent": "europe" },
  { "name": "Autriche", "url": "europe/austria.html", "continent": "europe" },
  { "name": "Slovénie - A venir", "url": "europe/slovenia.html", "continent": "europe" },
  { "name": "Slovaquie - A venir", "url": "europe/slovakia.html", "continent": "europe" },
  { "name": "Tchéquie", "url": "europe/czechia.html", "continent": "europe" },
  { "name": "Hongrie - A venir", "url": "europe/hungary.html", "continent": "europe" },
  { "name": "Serbie - A venir", "url": "europe/serbia.html", "continent": "europe" },
  { "name": "Croatie", "url": "europe/croatia.html", "continent": "europe" },
  { "name": "Bosnie-Herzégovine", "url": "europe/bosnia_herzegovina.html", "continent": "europe" },
  { "name": "Monténégro - A venir", "url": "europe/montenegro.html", "continent": "europe" },
  { "name": "Macédoine du Nord - A venir", "url": "europe/north_macedonia.html", "continent": "europe" },
  { "name": "Grèce - A venir", "url": "europe/greece.html", "continent": "europe" },
  { "name": "Roumanie - A venir", "url": "europe/romania.html", "continent": "europe" },
  { "name": "Bulgarie", "url": "europe/bulgaria.html", "continent": "europe" },
  { "name": "Ukraine - A venir", "url": "europe/ukraine.html", "continent": "europe" },
  { "name": "Moldavie - A venir", "url": "europe/moldova.html", "continent": "europe" },
  { "name": "Malte - A venir", "url": "europe/malta.html", "continent": "europe" }
]
